<dataConfig>
    <dataSource name="fds" encoding="UTF-8"  type="FileDataSource" />
    <document>
      <!-- Get a list of files from the last time the handler ran -->
      <entity name="hathifile"
              processor="FileListEntityProcessor"
              fileName="201710_BolsaFamiliaFolhaPagamento.csv"
              rootEntity="false"
      >

        <entity name="hathiline"
                processor="LineEntityProcessor"
                url="${hathifile.fileAbsolutePath}"
                rootEntity="true"
                dataSource="fds"
                transformer="RegexTransformer"
        >

<!-- Big ugly regexp to get all the tab-delimited fields 
          <field column="rawLine"
                 regex="^(.*)\t(.*)\t(.*)\t(.*)\t(.*)\t(.*)\t(.*)\t(.*)\t(.*)\t(.*)\t(.*)\t(.*)\t(.*)$"
                 groupNames="htid,access,rights,bibnum,enumcron,source,sourceid,oclcs,isbns,issns,lccns,title,imprint"
          />-->
		  
		  <field column="rawLine"
                 regex="^(.*)\t(.*)\t(.*)\t(.*)\t(.*)\t(.*)\t(.*)\t(.*)\t(.*)\t(.*)\t(.*)\t(.*)\t(.*)$"
                 groupNames="UF,Código SIAFI Município,Nome Município,Código Função,Código Subfunção,Código Programa,Código Ação,NIS Favorecido,Nome Favorecido,Fonte-Finalidade,Valor Parcela,Mês Competência"
          />

		  

<!-- Split the multi-values on comma 

          <field column="oclc" splitBy="," sourceColName="oclcs" />
          <field column="issn" splitBy="," sourceColName="issns" />
          <field column="isbn" splitBy="," sourceColName="isbns" />
          <field column="lccn" splitBy="," sourceColName="lccns" />-->
        </entity> <!-- end of hathiline -->

      </entity> <!-- end of hathifile -->
    </document>
  </dataConfig> 